algorithm,trial,seed,penalized_fitness,raw_objective,total_constraint_violation,feasible,x1,x2,x3
APO,1,2022,0.012695838052008449,0.012695838052008449,0.0,1,0.05255176574249507,0.3776360283308216,10.173440198548397
APO-wr,1,2022,0.012751726775618824,0.012751726775618824,0.0,1,0.051921263374608076,0.36202760565896747,11.065824123878151
APO-DE,1,2022,0.01269821095235708,0.01269821095235708,0.0,1,0.052015002278352866,0.3642938613531366,10.883487512352163
APO-LS,1,2022,0.012787243559833428,0.012787243559833428,0.0,1,0.052027450978630777,0.3628111453674811,11.020606676510912
APO-PSO,1,2022,0.012708903590157788,0.012708903590157788,0.0,1,0.052682431941274366,0.38090716967943006,10.021462562722176
APO-wr-DE,1,2022,0.012675690524029752,0.012675690524029752,0.0,1,0.05164236625707817,0.3555540205133999,11.367610001452862
APO-wr-LS,1,2022,0.012710874248105283,0.012710874248105283,0.0,1,0.05263570700196391,0.37978839905009193,10.080163322602635
APO-wr-PSO,1,2022,0.012716226643739613,0.012716226643739613,0.0,1,0.05257419294099925,0.3777643340680872,10.17845170423202
APO,2,2029,0.012697570412058164,0.012697570412058164,0.0,1,0.05204622265478945,0.36505973946432385,10.840391328918294
APO-wr,2,2029,0.012727456130949251,0.012727456130949251,0.0,1,0.052744677530281094,0.38235539642964794,9.965121189677955
APO-DE,2,2029,0.0126931065306936,0.0126931065306936,0.0,1,0.05108604705133377,0.3422267865332059,12.211807869961948
APO-LS,2,2029,0.012768101579743334,0.012768101579743334,0.0,1,0.05,0.316992789510383,14.111535659173239
APO-PSO,2,2029,0.012763056556591205,0.012763056556591205,0.0,1,0.05304145573191155,0.38899729521113563,9.662112925845431
APO-wr-DE,2,2029,0.012691847511281723,0.012691847511281723,0.0,1,0.05186738153328677,0.3609243305387927,11.071337812292949
APO-wr-LS,2,2029,0.012677151880491138,0.012677151880491138,0.0,1,0.05173119221576932,0.35770562539724854,11.243139339472773
APO-wr-PSO,2,2029,0.012690560500324174,0.012690560500324174,0.0,1,0.05132378262729565,0.34774843877178685,11.854099458993915
APO,3,2036,0.012831275268232205,0.012831275268232205,0.0,1,0.052990880107535825,0.3860987524616322,9.83502441930895
APO-wr,3,2036,0.012669225695816038,0.012669225695816038,0.0,1,0.05160806945506057,0.354742252976356,11.409170912453558
APO-DE,3,2036,0.012703685857552991,0.012703685857552991,0.0,1,0.05146136576081261,0.3511608795552672,11.660324045398983
APO-LS,3,2036,0.012783477691122522,0.012783477691122522,0.0,1,0.052029371476032774,0.36349130805754354,10.991456049408976
APO-PSO,3,2036,0.012711244362316989,0.012711244362316989,0.0,1,0.05073876276585102,0.3339339844074596,12.785897878250436
APO-wr-DE,3,2036,0.012698748043260434,0.012698748043260434,0.0,1,0.05245388838984207,0.37507426784325043,10.305188206126113
APO-wr-LS,3,2036,0.012708873809139458,0.012708873809139458,0.0,1,0.05285861574950088,0.38529567625554745,9.805417771771742
APO-wr-PSO,3,2036,0.012687063401428354,0.012687063401428354,0.0,1,0.05258634717083019,0.37857401841674704,10.118930550459629
APO,4,2043,0.012692900772636975,0.012692900772636975,0.0,1,0.05265592727649168,0.38021978811618823,10.040142837226595
APO-wr,4,2043,0.012699970373707313,0.012699970373707313,0.0,1,0.05189422064534733,0.36162064165401175,11.041018388901334
APO-DE,4,2043,0.012686705432532102,0.012686705432532102,0.0,1,0.05247200384978091,0.3757646362354332,10.262461339530653
APO-LS,4,2043,0.012733856369895833,0.012733856369895833,0.0,1,0.0505265666959039,0.32924720796299267,13.149498928155996
APO-PSO,4,2043,0.0127282634822731,0.0127282634822731,0.0,1,0.05,0.31729448581455066,14.045993928444622
APO-wr-DE,4,2043,0.012678422813383052,0.012678422813383052,0.0,1,0.05195396293560173,0.36302202561006763,10.938826663767466
APO-wr-LS,4,2043,0.012776409374523429,0.012776409374523429,0.0,1,0.05298091784843381,0.38734665864800183,9.750870744008353
APO-wr-PSO,4,2043,0.012684655419696612,0.012684655419696612,0.0,1,0.05249443911697067,0.3762866335110684,10.233008651689921
APO,5,2050,0.012775106443702921,0.012775106443702921,0.0,1,0.05116529035395749,0.3434003152978814,12.210617561760895
APO-wr,5,2050,0.012747331381824371,0.012747331381824371,0.0,1,0.05360718608968574,0.4043230872959559,8.970962053573533
APO-DE,5,2050,0.012700761149500746,0.012700761149500746,0.0,1,0.051990212680862256,0.3635167086562424,10.925941412825713
APO-LS,5,2050,0.012794521354104867,0.012794521354104867,0.0,1,0.05,0.3165751158378469,14.166174426240564
APO-PSO,5,2050,0.012900792892712221,0.012900792892712221,0.0,1,0.05247084454667153,0.3731584313285593,10.55703299875889
APO-wr-DE,5,2050,0.012712259140955522,0.012712259140955522,0.0,1,0.05150391132032362,0.35195934243799515,11.61600858763707
APO-wr-LS,5,2050,0.012820787674345052,0.012820787674345052,0.0,1,0.05307440000423574,0.3894203826316206,9.687613521946375
APO-wr-PSO,5,2050,0.0126858793935423,0.0126858793935423,0.0,1,0.05131617239053657,0.3477272206870258,11.853942410824223
APO,6,2057,0.012781526938082788,0.012781526938082788,0.0,1,0.05321203724926158,0.3929919981874253,9.486276305563882
APO-wr,6,2057,0.012724969307952375,0.012724969307952375,0.0,1,0.05234580727206754,0.37271478677935554,10.459950497155546
APO-DE,6,2057,0.012701720692859745,0.012701720692859745,0.0,1,0.05286529273957279,0.3856088390099157,9.786213268662381
APO-LS,6,2057,0.012740842890187553,0.012740842890187553,0.0,1,0.05221596316473895,0.36929504143300873,10.653716420730056
APO-PSO,6,2057,0.01272812474598847,0.01272812474598847,0.0,1,0.052938220585399674,0.3869860244080506,9.736280031807162
APO-wr-DE,6,2057,0.012806380261662646,0.012806380261662646,0.0,1,0.0530417030147792,0.38820623327426673,9.725435168248108
APO-wr-LS,6,2057,0.012708590807102352,0.012708590807102352,0.0,1,0.0521796815328078,0.368356029862207,10.671463141332332
APO-wr-PSO,6,2057,0.012717851238410573,0.012717851238410573,0.0,1,0.052329806828039956,0.37178998799358914,10.491591893273469
APO,7,2064,0.012798608391033474,0.012798608391033474,0.0,1,0.05305848682205441,0.390415075237915,9.644650322518611
APO-wr,7,2064,0.012777833901787817,0.012777833901787817,0.0,1,0.05,0.31660097313144603,14.1437708487178
APO-DE,7,2064,0.01269105375702756,0.01269105375702756,0.0,1,0.051005440055282264,0.3402065548972108,12.339103811361877
APO-LS,7,2064,0.012758455244457893,0.012758455244457893,0.0,1,0.05362994589230801,0.40495892709160636,8.953991502928453
APO-PSO,7,2064,0.012774487310977814,0.012774487310977814,0.0,1,0.05217599480267769,0.3680074314685801,10.751034301382523
APO-wr-DE,7,2064,0.012702109703879345,0.012702109703879345,0.0,1,0.051997764460136965,0.3636783402965993,10.917815518956985
APO-wr-LS,7,2064,0.012686359702761772,0.012686359702761772,0.0,1,0.05098932901743381,0.3399952395632763,12.351774126843424
APO-wr-PSO,7,2064,0.012705374292165497,0.012705374292165497,0.0,1,0.05219476359072993,0.36856755916611317,10.653669511935888
APO,8,2071,0.012722233516559307,0.012722233516559307,0.0,1,0.050492770181024604,0.3283502403186591,13.197341697752313
APO-wr,8,2071,0.012710146485095246,0.012710146485095246,0.0,1,0.052902292865819475,0.3862426727217671,9.758212679721096
APO-DE,8,2071,0.012674884253554917,0.012674884253554917,0.0,1,0.05124823987303069,0.3461533115782693,11.941760025727307
APO-LS,8,2071,0.012747103772089026,0.012747103772089026,0.0,1,0.05341852644759425,0.3992119120363862,9.189848896988629
APO-PSO,8,2071,0.01268661292890044,0.01268661292890044,0.0,1,0.051522326142345566,0.35242116065095797,11.56103346400819
APO-wr-DE,8,2071,0.012697683206067767,0.012697683206067767,0.0,1,0.052172618250972184,0.3679762331933505,10.677086512921
APO-wr-LS,8,2071,0.01269086747794703,0.01269086747794703,0.0,1,0.051027328400055326,0.3407476154122785,12.303845878458757
APO-wr-PSO,8,2071,0.012812277573877028,0.012812277573877028,0.0,1,0.05326741561635129,0.39445767543844523,9.447289725609977
APO,9,2078,0.01271988878818594,0.01271988878818594,0.0,1,0.051264875198366464,0.3461176218616798,11.98362581604954
APO-wr,9,2078,0.012700015960095514,0.012700015960095514,0.0,1,0.05282545169247969,0.3845979331450843,9.833436435429512
APO-DE,9,2078,0.012683387116721625,0.012683387116721625,0.0,1,0.05126995193339358,0.34661548741130105,11.920712478810863
APO-LS,9,2078,0.012846829160974089,0.012846829160974089,0.0,1,0.05349885148428363,0.39954135880965863,9.234281172435683
APO-PSO,9,2078,0.01272762688635272,0.01272762688635272,0.0,1,0.05,0.3172996816862032,14.044928653839415
APO-wr-DE,9,2078,0.012724478738917983,0.012724478738917983,0.0,1,0.05116325364720455,0.3441470983513585,12.124711248183335
APO-wr-LS,9,2078,0.012901673093243818,0.012901673093243818,0.0,1,0.053566324212217575,0.4004468459973733,9.228389382260797
APO-wr-PSO,9,2078,0.012794400539111591,0.012794400539111591,0.0,1,0.052496799828891896,0.3742961527805862,10.403347733443322
APO,10,2085,0.012710829721034938,0.012710829721034938,0.0,1,0.05297198422759797,0.3882982454208823,9.66583932442851
APO-wr,10,2085,0.012788514912427629,0.012788514912427629,0.0,1,0.053932290695844855,0.4125501139333773,8.657262656439533
APO-DE,10,2085,0.012690704098786573,0.012690704098786573,0.0,1,0.05162641975172591,0.354963746694905,11.413981467808227
APO-LS,10,2085,0.012670087126205735,0.012670087126205735,0.0,1,0.05177428200261619,0.3587455442476497,11.17543357743442
APO-PSO,10,2085,0.012743365056402277,0.012743365056402277,0.0,1,0.051975561400192154,0.3630372011732114,10.993753275796209
APO-wr-DE,10,2085,0.01268147388194185,0.01268147388194185,0.0,1,0.05216666405240251,0.36828201225985224,10.653279267645424
APO-wr-LS,10,2085,0.012724467183543555,0.012724467183543555,0.0,1,0.05273157836692742,0.38157239850194885,9.992814391488768
APO-wr-PSO,10,2085,0.012710558580263086,0.012710558580263086,0.0,1,0.05231847702068151,0.3719310884688349,10.485098381103326
APO,11,2092,0.012806309828181352,0.012806309828181352,0.0,1,0.053193237046720014,0.3927534686562154,9.523678560364607
APO-wr,11,2092,0.012691992387177654,0.012691992387177654,0.0,1,0.052677750227226615,0.380847606894421,10.00947809795416
APO-DE,11,2092,0.012737107912144779,0.012737107912144779,0.0,1,0.05326286845866014,0.3953724274352513,9.35573753319457
APO-LS,11,2092,0.012842656676061102,0.012842656676061102,0.0,1,0.05,0.31562515325426116,14.275834221254629
APO-PSO,11,2092,0.012714041757609705,0.012714041757609705,0.0,1,0.05234497799509593,0.37226080655107757,10.464827605231672
APO-wr-DE,11,2092,0.01270663213017419,0.01270663213017419,0.0,1,0.05155394277530041,0.3529881399653964,11.543988388438757
APO-wr-LS,11,2092,0.01289139528794182,0.01289139528794182,0.0,1,0.05292352002927825,0.38380029509670344,9.992153443461167
APO-wr-PSO,11,2092,0.012677990514376842,0.012677990514376842,0.0,1,0.05177448717215552,0.3586184014299799,11.188221735989885
APO,12,2099,0.012725434096204111,0.012725434096204111,0.0,1,0.05251768300641516,0.37623489723457754,10.263160591897877
APO-wr,12,2099,0.01274852264622868,0.01274852264622868,0.0,1,0.05198891888179545,0.3625161269701156,11.011008353842385
APO-DE,12,2099,0.012696904008053306,0.012696904008053306,0.0,1,0.05184315373382897,0.3603362514331398,11.110131697837977
APO-LS,12,2099,0.012683869809627145,0.012683869809627145,0.0,1,0.05215464101062054,0.36801441397434004,10.670712179732327
APO-PSO,12,2099,0.01282145073758352,0.01282145073758352,0.0,1,0.05361257980890055,0.4032273038361451,9.062513778716315
APO-wr-DE,12,2099,0.012675808070067286,0.012675808070067286,0.0,1,0.051925019169942195,0.36227511281916064,10.977284426146523
APO-wr-LS,12,2099,0.012764999444580254,0.012764999444580254,0.0,1,0.052718990426983796,0.381248913131635,10.04697519713615
APO-wr-PSO,12,2099,0.012819459145742439,0.012819459145742439,0.0,1,0.05156233147482567,0.3513531217573633,11.72337064786575
APO,13,2106,0.012699113620713921,0.012699113620713921,0.0,1,0.05161256017453644,0.35433664807653215,11.45384846896095
APO-wr,13,2106,0.01274879890704899,0.01274879890704899,0.0,1,0.05366312176042179,0.4059754066045896,8.904799341617606
APO-DE,13,2106,0.01268949645232456,0.01268949645232456,0.0,1,0.051669706643148974,0.35615125185128466,11.345594405623855
APO-LS,13,2106,0.012741252231637256,0.012741252231637256,0.0,1,0.05214767529849748,0.3668587392306729,10.771542081507327
APO-PSO,13,2106,0.01284997867713803,0.01284997867713803,0.0,1,0.05460989381526453,0.43107696488320996,7.995509273444845
APO-wr-DE,13,2106,0.01268828212631758,0.01268828212631758,0.0,1,0.05169596498156861,0.3568339560950112,11.305259794296747
APO-wr-LS,13,2106,0.01290478620723363,0.01290478620723363,0.0,1,0.053433309487502384,0.39710850342709386,9.381971124812132
APO-wr-PSO,13,2106,0.012791301585098423,0.012791301585098423,0.0,1,0.05402039312447658,0.4151665724120463,8.557883834759153
APO,14,2113,0.012701021876834808,0.012701021876834808,0.0,1,0.0529980308978246,0.3889449484896545,9.626019864931683
APO-wr,14,2113,0.012746665333413142,0.012746665333413142,0.0,1,0.05160046459136747,0.35408018543435016,11.520343817253456
APO-DE,14,2113,0.012706910875652174,0.012706910875652174,0.0,1,0.052359658080085136,0.37292371356629916,10.428719306015694
APO-LS,14,2113,0.01288718975926173,0.01288718975926173,0.0,1,0.055100534282110196,0.44417456374411,7.556369178381778
APO-PSO,14,2113,0.01275501278684109,0.01275501278684109,0.0,1,0.053565210376132655,0.40315123808619086,9.026743456757627
APO-wr-DE,14,2113,0.01267960514581837,0.01267960514581837,0.0,1,0.05160861388753836,0.3547337603228051,11.420194713800642
APO-wr-LS,14,2113,0.012724570872727292,0.012724570872727292,0.0,1,0.051459044496638885,0.3503410887773356,11.716036555687152
APO-wr-PSO,14,2113,0.012675073812730357,0.012675073812730357,0.0,1,0.05191160714583618,0.3619325748411842,10.995526392583958
APO,15,2120,0.012833993769667509,0.012833993769667509,0.0,1,0.05087673965489408,0.33555338010045105,12.776162586174271
APO-wr,15,2120,0.012794552281134432,0.012794552281134432,0.0,1,0.05,0.31646416471359873,14.17188131580528
APO-DE,15,2120,0.01275476086554336,0.01275476086554336,0.0,1,0.053926138361344904,0.4129534811318164,8.621174539979881
APO-LS,15,2120,0.012731389540050497,0.012731389540050497,0.0,1,0.05120439707814948,0.3445782620768733,12.092025376613044
APO-PSO,15,2120,0.012932524596087222,0.012932524596087222,0.0,1,0.05355073986236926,0.40069398510408033,9.254845533435715
APO-wr-DE,15,2120,0.012716680102652514,0.012716680102652514,0.0,1,0.051695227583692466,0.3562637680655883,11.35676196218444
APO-wr-LS,15,2120,0.01271322152855725,0.01271322152855725,0.0,1,0.05312259900658002,0.3919951059103535,9.492548378272009
APO-wr-PSO,15,2120,0.012756625642304882,0.012756625642304882,0.0,1,0.05240912720823023,0.3727086278180601,10.46098892333099
APO,16,2127,0.012741225242899055,0.012741225242899055,0.0,1,0.052759311919518444,0.38197239106582065,9.983425335558481
APO-wr,16,2127,0.012731117428136833,0.012731117428136833,0.0,1,0.05287469864039703,0.3851352052047002,9.823811418723936
APO-DE,16,2127,0.01266934068971384,0.01266934068971384,0.0,1,0.05189590782748817,0.36167329137846865,11.00682656337467
APO-LS,16,2127,0.012734979116307502,0.012734979116307502,0.0,1,0.050305509775113486,0.3239473175406485,13.534337641120896
APO-PSO,16,2127,0.012725182820785937,0.012725182820785937,0.0,1,0.05256618418042995,0.37758738380319956,10.196455927350575
APO-wr-DE,16,2127,0.012705672669628318,0.012705672669628318,0.0,1,0.05210330141668684,0.3662930940564526,10.77728103680681
APO-wr-LS,16,2127,0.01276847099244789,0.01276847099244789,0.0,1,0.052429018999983715,0.37340272055527834,10.439930469431975
APO-wr-PSO,16,2127,0.012746162884210223,0.012746162884210223,0.0,1,0.052972832841742944,0.38765741294861505,9.717230517551997
APO,17,2134,0.012747781979169285,0.012747781979169285,0.0,1,0.052186814490938545,0.3680752302955271,10.716759517550958
APO-wr,17,2134,0.012684923959326187,0.012684923959326187,0.0,1,0.05170117158875888,0.3567332155570521,11.302814964622822
APO-DE,17,2134,0.0126981140406969,0.0126981140406969,0.0,1,0.05258821776485357,0.37868791861399115,10.124975448518681
APO-LS,17,2134,0.012815737894824555,0.012815737894824555,0.0,1,0.05420189688229719,0.419554949545739,8.397425005196954
APO-PSO,17,2134,0.012667105310567663,0.012667105310567663,0.0,1,0.05150241559771742,0.3522278120418407,11.55809079656023
APO-wr-DE,17,2134,0.012725843045430426,0.012725843045430426,0.0,1,0.05288771421715245,0.3857987385212653,9.792779126054903
APO-wr-LS,17,2134,0.012739034363711026,0.012739034363711026,0.0,1,0.05,0.31712096685215874,14.068359642268549
APO-wr-PSO,17,2134,0.012741637698687039,0.012741637698687039,0.0,1,0.05265946099387742,0.38012058617626804,10.087905126211595
APO,18,2141,0.012675364005711981,0.012675364005711981,0.0,1,0.051551730995453265,0.3532571455079156,11.501529812128858
APO-wr,18,2141,0.012688163928892089,0.012688163928892089,0.0,1,0.051452748670668805,0.350770608421322,11.663388730467188
APO-DE,18,2141,0.012671702474146,0.012671702474146,0.0,1,0.051574055494125276,0.353887719659021,11.461916998645984
APO-LS,18,2141,0.012761808364360647,0.012761808364360647,0.0,1,0.05,0.3167853874508995,14.11413767162941
APO-PSO,18,2141,0.012727216449597477,0.012727216449597477,0.0,1,0.0516152644641315,0.3548003535753644,11.464588102842157
APO-wr-DE,18,2141,0.012702128585607755,0.012702128585607755,0.0,1,0.052548895277135514,0.37736064596662666,10.189691581203878
APO-wr-LS,18,2141,0.012794855598530892,0.012794855598530892,0.0,1,0.05392337841661735,0.4124909458041282,8.667601429412672
APO-wr-PSO,18,2141,0.01276538379518785,0.01276538379518785,0.0,1,0.053880572999784646,0.41143160204919876,8.687393954490009
APO,19,2148,0.012884719370637425,0.012884719370637425,0.0,1,0.05285641517589939,0.3850078732747244,9.97870702489788
APO-wr,19,2148,0.012782098023880212,0.012782098023880212,0.0,1,0.0534808607882715,0.4003687112130052,9.162082709492772
APO-DE,19,2148,0.012731738099762174,0.012731738099762174,0.0,1,0.05255948303981176,0.3776747490508131,10.203027137060651
APO-LS,19,2148,0.012758345837975499,0.012758345837975499,0.0,1,0.05,0.31715539197023757,14.090971379950885
APO-PSO,19,2148,0.01275792120501662,0.01275792120501662,0.0,1,0.05319405998725634,0.3929445539795238,9.474198640635386
APO-wr-DE,19,2148,0.012691067804085191,0.012691067804085191,0.0,1,0.051387591917028706,0.34912089321888706,11.765937426945184
APO-wr-LS,19,2148,0.012723147091467147,0.012723147091467147,0.0,1,0.05123535063240078,0.34530566790239153,12.036260370725525
APO-wr-PSO,19,2148,0.012762437040537205,0.012762437040537205,0.0,1,0.05361371653247652,0.40428361955980524,8.982359090556553
APO,20,2155,0.012774187467191268,0.012774187467191268,0.0,1,0.05324322382292411,0.39390966980630004,9.439524054255648
APO-wr,20,2155,0.012707934481031299,0.012707934481031299,0.0,1,0.05240304618736517,0.3735135566120514,10.38954996569254
APO-DE,20,2155,0.012679366810815496,0.012679366810815496,0.0,1,0.051510457571761384,0.3522728456453419,11.565243156731874
APO-LS,20,2155,0.012768515832886773,0.012768515832886773,0.0,1,0.05,0.3170946058490372,14.106884945202284
APO-PSO,20,2155,0.012685646379222329,0.012685646379222329,0.0,1,0.051594083653172,0.3541930684611532,11.454660266485043
APO-wr-DE,20,2155,0.012697457476730631,0.012697457476730631,0.0,1,0.05239094990737204,0.37357779219056675,10.382922943173057
APO-wr-LS,20,2155,0.012684764300126319,0.012684764300126319,0.0,1,0.05088956030269227,0.3377599477593081,12.50163119920021
APO-wr-PSO,20,2155,0.012696037518622503,0.012696037518622503,0.0,1,0.05275341139933864,0.38283024715331615,9.916833038444878
APO,21,2162,0.012769732370006497,0.012769732370006497,0.0,1,0.05227967596481054,0.37057585780408175,10.607788029040162
APO-wr,21,2162,0.012725168160888764,0.012725168160888764,0.0,1,0.05202901514527028,0.3641471433329091,10.909083571225167
APO-DE,21,2162,0.012686200027630339,0.012686200027630339,0.0,1,0.051451367751607566,0.3507062520710019,11.664514256522994
APO-LS,21,2162,0.012702410333244733,0.012702410333244733,0.0,1,0.05245486707492742,0.3751475482708178,10.305873424554331
APO-PSO,21,2162,0.012910015111735226,0.012910015111735226,0.0,1,0.052763281775839076,0.3825840984403284,10.120938156511246
APO-wr-DE,21,2162,0.012702757540094832,0.012702757540094832,0.0,1,0.052170498355211266,0.3679339624638858,10.684640419388433
APO-wr-LS,21,2162,0.01289430917625097,0.01289430917625097,0.0,1,0.05319890348105572,0.3928011515394656,9.5989844286077
APO-wr-PSO,21,2162,0.012854869304086794,0.012854869304086794,0.0,1,0.05276738427019844,0.381548041601376,10.1000538782933
APO,22,2169,0.012742239185158962,0.012742239185158962,0.0,1,0.05153836785452883,0.35244057609018775,11.61126622844615
APO-wr,22,2169,0.012689309023049256,0.012689309023049256,0.0,1,0.05225816032303945,0.37031116405979764,10.54766556327896
APO-DE,22,2169,0.01269374589314563,0.01269374589314563,0.0,1,0.0513804207430755,0.34904806982131786,11.775559498798902
APO-LS,22,2169,0.0128288993844742,0.0128288993844742,0.0,1,0.0533812903652738,0.39772845093342646,9.319431223996416
APO-PSO,22,2169,0.012827582511660537,0.012827582511660537,0.0,1,0.05383719703100122,0.4089346544330744,8.822460756556751
APO-wr-DE,22,2169,0.012701427715928026,0.012701427715928026,0.0,1,0.05250328725996781,0.37654696295468526,10.236589766265277
APO-wr-LS,22,2169,0.012704553128850028,0.012704553128850028,0.0,1,0.0526247747515169,0.3795065336454683,10.088144327608457
APO-wr-PSO,22,2169,0.012759064745199939,0.012759064745199939,0.0,1,0.052426994527679696,0.3732561985257208,10.436606383557768
APO,23,2176,0.01277552552732617,0.01277552552732617,0.0,1,0.052990809524635196,0.3872415790733608,9.748858772499192
APO-wr,23,2176,0.01278643887885471,0.01278643887885471,0.0,1,0.05303787859868885,0.38912332369434205,9.681269787308842
APO-DE,23,2176,0.012780191140442548,0.012780191140442548,0.0,1,0.05267727854531101,0.38025749246039053,10.11191764451843
APO-LS,23,2176,0.012814835378688928,0.012814835378688928,0.0,1,0.05056633708883426,0.3283309283343417,13.2643475568024
APO-PSO,23,2176,0.012747300022883127,0.012747300022883127,0.0,1,0.05314766835742761,0.3928114097371068,9.488562227531226
APO-wr-DE,23,2176,0.01268670064908109,0.01268670064908109,0.0,1,0.05153453744401967,0.3529882523636829,11.532925026640712
APO-wr-LS,23,2176,0.012796171456084034,0.012796171456084034,0.0,1,0.05336612267528095,0.39675733758626364,9.324623774909336
APO-wr-PSO,23,2176,0.012724980888891336,0.012724980888891336,0.0,1,0.05182394285148995,0.3595712811379304,11.176838945821524
APO,24,2183,0.012739006543338432,0.012739006543338432,0.0,1,0.05201195599819872,0.3632244880666903,10.964449113438555
APO-wr,24,2183,0.012720980022053059,0.012720980022053059,0.0,1,0.05249363183505964,0.37552520900263275,10.293292980297048
APO-DE,24,2183,0.012694958245926731,0.012694958245926731,0.0,1,0.05073019223211559,0.3339465354792448,12.77138843089084
APO-LS,24,2183,0.012719140859162188,0.012719140859162188,0.0,1,0.05321525206445103,0.3944870580883676,9.38551736064687
APO-PSO,24,2183,0.012733338673407407,0.012733338673407407,0.0,1,0.05325942371553622,0.39557782627462873,9.347950293637938
APO-wr-DE,24,2183,0.012702082965244891,0.012702082965244891,0.0,1,0.05287083099142588,0.38578120621987094,9.778815130041426
APO-wr-LS,24,2183,0.01268486586074142,0.01268486586074142,0.0,1,0.05195589587805628,0.3629278548511695,10.947797594684571
APO-wr-PSO,24,2183,0.01270159834542414,0.01270159834542414,0.0,1,0.051455556286439226,0.3508639292665974,11.672725572615418
APO,25,2190,0.01273001978464132,0.01273001978464132,0.0,1,0.0508468051115987,0.33676440056086177,12.62094902869995
APO-wr,25,2190,0.01279727547220783,0.01279727547220783,0.0,1,0.05001918275158671,0.3174310263813286,14.11368842898245
APO-DE,25,2190,0.012782604012707704,0.012782604012707704,0.0,1,0.0534660313967321,0.3999730353907115,9.179766248863366
APO-LS,25,2190,0.012764314179177125,0.012764314179177125,0.0,1,0.05234492832236023,0.372010637724903,10.522553840939171
APO-PSO,25,2190,0.012732198523045912,0.012732198523045912,0.0,1,0.050797839194021664,0.3348501568815057,12.735416540672595
APO-wr-DE,25,2190,0.012677169943460888,0.012677169943460888,0.0,1,0.05169112036315171,0.3565508975755466,11.306654711722446
APO-wr-LS,25,2190,0.01293637623272438,0.01293637623272438,0.0,1,0.05406843177380426,0.4150745804993377,8.66102479953675
APO-wr-PSO,25,2190,0.012737409939436034,0.012737409939436034,0.0,1,0.05157692845194526,0.3537776653627157,11.534423585002987
APO,26,2197,0.012708518166111394,0.012708518166111394,0.0,1,0.05036411807750999,0.3255123327273829,13.391643643628406
APO-wr,26,2197,0.012733140291013452,0.012733140291013452,0.0,1,0.05202969171968276,0.36384820349080954,10.927447532062086
APO-DE,26,2197,0.012693816894387604,0.012693816894387604,0.0,1,0.05095533711159033,0.33908554158310567,12.41795278581194
APO-LS,26,2197,0.012707374467116542,0.012707374467116542,0.0,1,0.05170708080177248,0.356388683452864,11.336193351288864
APO-PSO,26,2197,0.01273997150149295,0.01273997150149295,0.0,1,0.05080036614652871,0.3352666003950191,12.724633056111454
APO-wr-DE,26,2197,0.012677400145370717,0.012677400145370717,0.0,1,0.05149287767065706,0.3518181343219484,11.58994350394899
APO-wr-LS,26,2197,0.012733325197761271,0.012733325197761271,0.0,1,0.05093719760497103,0.3385248650375786,12.497100892826206
APO-wr-PSO,26,2197,0.012705814585147836,0.012705814585147836,0.0,1,0.05151728851255298,0.352525058474541,11.580211266491556
APO,27,2204,0.012715196203138861,0.012715196203138861,0.0,1,0.0518874268310944,0.3609724309622618,11.083524856974782
APO-wr,27,2204,0.012758469787741953,0.012758469787741953,0.0,1,0.05339247747326127,0.3987561895107879,9.223569652308594
APO-DE,27,2204,0.012700773268806646,0.012700773268806646,0.0,1,0.052154472888483426,0.3678126208122351,10.694640748329594
APO-LS,27,2204,0.012693283537530518,0.012693283537530518,0.0,1,0.05152688646322221,0.3527336984467529,11.553742411876714
APO-PSO,27,2204,0.012853878327032034,0.012853878327032034,0.0,1,0.05,0.31576308687053795,14.282939788084967
APO-wr-DE,27,2204,0.01267774054429033,0.01267774054429033,0.0,1,0.051237433803825116,0.3458411589005367,11.963376273453186
APO-wr-LS,27,2204,0.012738671699335813,0.012738671699335813,0.0,1,0.05191621815065135,0.3617926480547475,11.06346272635627
APO-wr-PSO,27,2204,0.012771635369872704,0.012771635369872704,0.0,1,0.05138772023137459,0.3477351468604305,11.908465584817458
APO,28,2211,0.012686686151619083,0.012686686151619083,0.0,1,0.05211869759346304,0.3668585992357555,10.73099606174601
APO-wr,28,2211,0.012707081960256937,0.012707081960256937,0.0,1,0.05262485882864123,0.37936108758389325,10.095147300971675
APO-DE,28,2211,0.012700977740113428,0.012700977740113428,0.0,1,0.051357517637513644,0.3486254553352984,11.812427530708188
APO-LS,28,2211,0.012867802853880431,0.012867802853880431,0.0,1,0.05,0.31517475490444113,14.331007041197648
APO-PSO,28,2211,0.01273749109598252,0.01273749109598252,0.0,1,0.05059600612249238,0.3307189752865756,13.045003976530742
APO-wr-DE,28,2211,0.01269489218775723,0.01269489218775723,0.0,1,0.05197505873942927,0.3635624572068488,10.925876712392212
APO-wr-LS,28,2211,0.012690663588596378,0.012690663588596378,0.0,1,0.05112753002769134,0.3430984939901832,12.149982249953204
APO-wr-PSO,28,2211,0.012723396295625022,0.012723396295625022,0.0,1,0.0534169541712849,0.39964881621415116,9.157484225957106
APO,29,2218,0.012768597202014058,0.012768597202014058,0.0,1,0.05360337263756923,0.4037718897207312,9.005831899022299
APO-wr,29,2218,0.012692276140647435,0.012692276140647435,0.0,1,0.052061638012170036,0.36531560927736756,10.818453336027176
APO-DE,29,2218,0.012762471584134306,0.012762471584134306,0.0,1,0.051879655816508455,0.36005492850060966,11.169577905617153
APO-LS,29,2218,0.012694560367401124,0.012694560367401124,0.0,1,0.05151929260796747,0.3525491565165347,11.566199604128537
APO-PSO,29,2218,0.012694057906162116,0.012694057906162116,0.0,1,0.05283579374913621,0.3848646633106117,9.815060910925787
APO-wr-DE,29,2218,0.012689915775946437,0.012689915775946437,0.0,1,0.05249824838527175,0.3762806630699731,10.236499938457861
APO-wr-LS,29,2218,0.012832246211337914,0.012832246211337914,0.0,1,0.053490057743778095,0.40001735125047017,9.211861403341732
APO-wr-PSO,29,2218,0.012730075359206413,0.012730075359206413,0.0,1,0.05245245087522116,0.37462060380496875,10.351159885275411
APO,30,2225,0.012735761884904443,0.012735761884904443,0.0,1,0.05150216540521018,0.35130595669800335,11.667479725900558
APO-wr,30,2225,0.012697176735507541,0.012697176735507541,0.0,1,0.051175670157441434,0.3442549374672719,12.083153396915462
APO-DE,30,2225,0.012688028929478432,0.012688028929478432,0.0,1,0.05226012811162023,0.3704000222085839,10.54244531204634
APO-LS,30,2225,0.012741850261727774,0.012741850261727774,0.0,1,0.051336679489191905,0.3481418824331409,11.887391362620322
APO-PSO,30,2225,0.012750712519123639,0.012750712519123639,0.0,1,0.05279170651169648,0.38293291503473065,9.947591203414563
APO-wr-DE,30,2225,0.012705785226292197,0.012705785226292197,0.0,1,0.05223086676759,0.36973402008323714,10.596724499596984
APO-wr-LS,30,2225,0.012745386532018937,0.012745386532018937,0.0,1,0.05109377301696074,0.3414624200634012,12.29796232292975
APO-wr-PSO,30,2225,0.012832531641827422,0.012832531641827422,0.0,1,0.054158583212721184,0.41842965271296184,8.455752645182537
