comparison,wilcoxon_statistic,raw_p_value,holm_p_value,significant_0_05
APO vs APO-wr,177.0,0.2621222734451294,1.0,0
APO vs APO-DE,39.0,1.3966113328933716e-05,0.0003491528332233429,1
APO vs APO-LS,187.0,0.3598779272288084,1.0,0
APO vs APO-PSO,182.0,0.308520769700408,1.0,0
APO vs APO-wr-DE,25.0,1.6838312149047852e-06,4.54634428024292e-05,1
APO vs APO-wr-LS,186.0,0.3492113798856735,1.0,0
APO vs APO-wr-PSO,211.0,0.6701805889606476,1.0,0
APO-wr vs APO-DE,68.0,0.0003800932317972183,0.007221771404147148,1
APO-wr vs APO-LS,130.0,0.034536734223365784,0.5525877475738525,0
APO-wr vs APO-PSO,130.0,0.034536734223365784,0.5525877475738525,0
APO-wr vs APO-wr-DE,90.0,0.002560090273618698,0.046081624925136566,1
APO-wr vs APO-wr-LS,166.0,0.17719271034002304,1.0,0
APO-wr vs APO-wr-PSO,213.0,0.7000329215079546,1.0,0
APO-DE vs APO-LS,38.0,1.218356192111969e-05,0.00031677260994911194,1
APO-DE vs APO-PSO,59.0,0.0001528710126876831,0.0033631622791290283,1
APO-DE vs APO-wr-DE,205.0,0.583757072687149,1.0,0
APO-DE vs APO-wr-LS,47.0,3.904104232788086e-05,0.0009369850158691406,1
APO-DE vs APO-wr-PSO,109.0,0.00993151031434536,0.16883567534387112,0
APO-LS vs APO-PSO,208.0,0.6263462882488966,1.0,0
APO-LS vs APO-wr-DE,21.0,8.326023817062378e-07,2.3312866687774658e-05,1
APO-LS vs APO-wr-LS,221.0,0.8235769439488649,1.0,0
APO-LS vs APO-wr-PSO,160.0,0.140283040702343,1.0,0
APO-PSO vs APO-wr-DE,47.0,3.904104232788086e-05,0.0009369850158691406,1
APO-PSO vs APO-wr-LS,214.0,0.7151329666376114,1.0,0
APO-PSO vs APO-wr-PSO,151.0,0.09610157273709774,1.0,0
APO-wr-DE vs APO-wr-LS,63.0,0.00023163668811321259,0.004864370450377464,1
APO-wr-DE vs APO-wr-PSO,63.0,0.00023163668811321259,0.004864370450377464,1
APO-wr-LS vs APO-wr-PSO,177.0,0.2621222734451294,1.0,0
